{"cameraMode":{"drawMode":0,"name":"Shaded","section":"Shading Mode"},"sceneLighting":false,"audioPlay":false,"sceneViewState":{"m_AlwaysRefresh":false,"showFog":true,"showSkybox":true,"showFlares":true,"showImageEffects":true,"showParticleSystems":true,"showVisualEffectGraphs":true,"m_FxEnabled":true},"in2DMode":false,"pivot":{"x":3.556339979171753,"y":1.5297820568084717,"z":14.626605987548829},"rotation":{"x":-0.08520635217428208,"y":0.30297863483428957,"z":-0.02672375924885273,"w":-0.9489807486534119},"size":1.9806671142578126,"orthographic":false}