{"cameraMode":{"drawMode":0,"name":"Shaded","section":"Shading Mode"},"sceneLighting":false,"audioPlay":false,"sceneViewState":{"m_AlwaysRefresh":false,"showFog":true,"showSkybox":true,"showFlares":true,"showImageEffects":true,"showParticleSystems":true,"showVisualEffectGraphs":true,"m_FxEnabled":true},"in2DMode":false,"pivot":{"x":1.5159602165222169,"y":2.2904415130615236,"z":18.364948272705079},"rotation":{"x":-0.051254283636808398,"y":0.2534145712852478,"z":-0.012661145068705082,"w":-0.9661546349525452},"size":2.6954143047332765,"orthographic":false}