{"cameraMode":{"drawMode":0,"name":"Shaded","section":"Shading Mode"},"sceneLighting":false,"audioPlay":false,"sceneViewState":{"m_AlwaysRefresh":false,"showFog":true,"showSkybox":true,"showFlares":true,"showImageEffects":true,"showParticleSystems":true,"showVisualEffectGraphs":true,"m_FxEnabled":true},"in2DMode":false,"pivot":{"x":-20.116313934326173,"y":0.4407122731208801,"z":20.62919044494629},"rotation":{"x":0.004147721920162439,"y":-0.8363649845123291,"z":0.5481982231140137,"w":0.006254726555198431},"size":4.000156402587891,"orthographic":false}